mfo,name,branch
00051,Узпромстройбанк,Ханабадский филиал Узпромстройбанка
00075,Узпромстройбанк,Андижанский региональный филиал Узпромстройбанка
00076,Узпромстройбанк,Бунёдкорский филиал Узпромстройбанка
00078,Микрокредитбанк,Андижанский областной филиал Микрокредитбанка
00085,Узпромстройбанк,Караулбазарский филиал Узпромстройбанка
00086,Узпромстройбанк,Бухарский региональный филиал Узпромстройбанка
00100,Микрокредитбанк,Янгибазарский филиал Микрокредитбанка
00058,Банк развития бизнеса,Кургантепинский филиал Кишлок курилиш банка
00082,Банк развития бизнеса,Андижанский региональный филиал Кишлок курилиш банка
00087,Банк развития бизнеса,Каганский филиал Кишлок курилиш банка
00039,Hamkorbank,Шахриханский филиал Hamkorbank
00070,Hamkorbank,Асакинский филиал Hamkorbank
00071,Hamkorbank,Кургантепинский филиал Hamkorbank
00072,Hamkorbank,Ходжаабадский филиал Hamkorbank
00079,Hamkorbank,Нодирабегимский филиал Hamkorbank
00084,Узнацбанк,Бухарское отделение Узнацбанка
00101,Микрокредитбанк,Шафирканский филиал Микрокредитбанка
00104,Микрокредитбанк,Гиждуванский филиал Микрокредитбанка
00108,Микрокредитбанк,Жондорский филиал Микрокредитбанка
00109,Микрокредитбанк,Бухарский областной филиал Микрокредитбанка
00110,Микрокредитбанк,Ромитанский филиал Микрокредитбанка
00116,Народный банк,Бухарский областной филиал Народного банка
00118,Народный банк,Ф. Хужаевский филиал Народного банка
00135,Микрокредитбанк,Джизакский областной филиал Микрокредитбанка
00142,Микрокредитбанк,Галлааральский филиал Микрокредитбанка
00145,Микрокредитбанк,Заминский филиал Микрокредитбанка
00149,Микрокредитбанк,Зарбдарский филиал Микрокредитбанка
00152,Микрокредитбанк,Кашкадарьинский областной филиал Микрокредитбанка
00154,Савдогар банк,Каршинский филиал Савдогар банка
00161,Микрокредитбанк,Камашинский филиал Микрокредитбанка
00163,Микрокредитбанк,Касанский филиал Микрокредитбанка
00167,Микрокредитбанк,Шахрисабзский филиал Микрокредитбанка
00173,Микрокредитбанк,Бешкентский филиал Микрокредитбанка
00175,Микрокредитбанк,Чиракчинский филиал Микрокредитбанка
00177,Микрокредитбанк,Китабский филиал Микрокредитбанка
00182,Микрокредитбанк,Янги-Нишанский филиал Микрокредитбанка
00186,Узпромстройбанк,Мубарекский филиал Узпромстройбанка
00198,Микрокредитбанк,Навоийский областной филиал Микрокредитбанка
00115,Банк развития бизнеса,Бухарский региональный филиал Кишлок курилиш банка
00139,Банк развития бизнеса,Джизакский региональный филиал Кишлок курилиш банка
01020,Hamkorbank,Ургенчский филиал Hamkorbank
00150,Узнацбанк,Каршинское отделение Узнацбанка
00191,Узнацбанк,Шахрисабзский филиал Узнацбанка
00031,Агробанк,"Пахтаабадский филиал АКБ ""Агробанк"""
00033,Агробанк,"Асакинский филиал АКБ ""Агробанк"""
00035,Агробанк,"Мархаматский филиал АКБ ""Агробанк"""
00037,Агробанк,"Шахриханский филиал АКБ ""Агробанк"""
00040,Агробанк,"Джалакудукский филиал АКБ ""Агробанк"""
00045,Агробанк,"Избасканский филиал АКБ ""Агробанк"""
00049,Агробанк,"Алтынкульский филиал АКБ ""Агробанк"""
00053,Агробанк,"Бустонский филиал АКБ ""Агробанк"""
00055,Агробанк,"Улугнорский филиал АКБ ""Агробанк"""
00056,Агробанк,"Кургантепинский филиал АКБ ""Агробанк"""
00059,Ипотека-банк,"Андижанский областной филиал АКИБ ""Ипотека-банк"""
00062,Агробанк,"Андижанский филиал АКБ ""Агробанк"""
00064,Агробанк,"Булакбашинский филиал АКБ ""Агробанк"""
00068,Ипотека-банк,"Филиал ""Истиклол"" АКИБ ""Ипотека-банк"""
00074,Узнацбанк,Андижанское отделение Узнацбанка
00083,Hamkorbank,"Головной офис АКБ ""Hamkorbank"""
00088,Ипотека-банк,"Бухарский областной филиал АКИБ ""Ипотека-банк"""
00090,Агробанк,"Алатский филиал АКБ ""Агробанк"""
00112,Гарант банк,"Бухарский городской филиал АО ""Гарант банк"""
00121,Узнацбанк,Джизакское отделение Узнацбанка
00138,Гарант банк,"Джиззакский филиал АО ""Гарант банк"""
00199,Ипак Йули Банк,"Навоийский филиал АИКБ ""Ипак Йули Банк"""
00201,Гарант банк,"Навоийский городской филиал АО ""Гарант банк"""
00196,Узнацбанк,Навоийское отделение Узнацбанка
01205,Qimmatli qog‘ozlar markaziy depozitariysi,«Qimmatli qog‘ozlar markaziy depozitariysi» AJ.
00111,Туронбанк,Бухарский филиал Туронбанка
00192,Туронбанк,Каршинский филиал Туронбанка
00200,Туронбанк,Навоийский филиал Туронбанка
00207,Узпромстройбанк,Навоийский региональный филиал Узпромстройбанка
00211,Микрокредитбанк,Карманинский филиал Микрокредитбанка
00213,Микрокредитбанк,Кызылтепинский филиал Микрокредитбанка
00224,Узпромстройбанк,Наманганский региональный филиал Узпромстройбанка
00233,Микрокредитбанк,Джумашуйский филиал Микрокредитбанка
00239,Микрокредитбанк,Папский филиал Микрокредитбанка
00250,Микрокредитбанк,Чустский филиал Микрокредитбанка
00254,Микрокредитбанк,Ташбулакский филиал Микрокредитбанка
00260,Микрокредитбанк,Наманганский областной филиал Микрокредитбанка
00266,Микрокредитбанк,Лаишский филиал Микрокредитбанка
00281,Микрокредитбанк,Самаркандский областной филиал Микрокредитбанка
00289,Микрокредитбанк,Булунгурский филиал Микрокредитбанка
00298,Микрокредитбанк,Зиявуддинский филиал Микрокредитбанка
00301,Микрокредитбанк,Ургутский филиал Микрокредитбанка
00303,Савдогар банк,Ургутский филиал Савдогар банка
00304,Савдогар банк,Улугбекский филиал Савдогар банка
00315,Микрокредитбанк,Каттакурганский филиал Микрокредитбанка
00202,Банк развития бизнеса,Навоийский региональный филиал Кишлок курилиш банка
00229,Банк развития бизнеса,Наманганский региональный филиал Кишлок курилиш банка
00204,Узнацбанк,Зарафшанский филиал Узнацбанка
00226,Туронбанк,Наманганский филиал Туронбанка
00282,Туронбанк,Самаркандский филиал Туронбанка
00317,Узпромстройбанк,Самаркандский региональный филиал Узпромстройбанка
00326,Микрокредитбанк,Сурхандарьинский областной филиал Микрокредитбанка
00333,Микрокредитбанк,Джаркурганский филиал Микрокредитбанка
00335,Микрокредитбанк,Музрабадский филиал Микрокредитбанка
00338,Микрокредитбанк,Шерабадский филиал Микрокредитбанка
00342,Микрокредитбанк,Узунский филиал Микрокредитбанка
00344,Микрокредитбанк,Ангорский филиал Микрокредитбанка
00346,Микрокредитбанк,Кизирикский филиал Микрокредитбанка
00348,Микрокредитбанк,Кумкурганский филиал Микрокредитбанка
00350,Микрокредитбанк,Учкизилский филиал Микрокредитбанка
00354,Узпромстройбанк,Сариасийский филиал Узпромстройбанка
00361,Микрокредитбанк,Денауский филиал Микрокредитбанка
00362,Савдогар банк,Денауский филиал Савдогар банка
00366,Микрокредитбанк,Сырдарьинский областной филиал Микрокредитбанка
00376,Микрокредитбанк,Сырдарьинский филиал Микрокредитбанка
00384,Микрокредитбанк,Баяутский филиал Микрокредитбанка
00122,Ипотека-банк,"Джизакский областной филиал АКИБ ""Ипотека-банк"""
00123,Агробанк,"Джизакский филиал АКБ ""Агробанк"""
00124,Агробанк,"Арнасайский филиал АКБ ""Агробанк"""
00125,Агробанк,"Зарбдарский филиал АКБ ""Агробанк"""
00127,Агробанк,"Пахтакорский филиал АКБ ""Агробанк"""
00165,Ипотека-банк,"Шахрисабзский филиал АКИБ ""Ипотека-банк"""
00190,Ипотека-банк,"Кашкадарьинский областной филиал АКИБ ""Ипотека-банк"""
00203,Ипотека-банк,"Зарафшанский филиал АКИБ ""Ипотека-банк"""
00205,Ипотека-банк,"Навоийский филиал АКИБ ""Ипотека-банк"""
00209,Агробанк,"Канимехский филиал АКБ ""Агробанк"""
00210,Агробанк,"Карманинский филиал АКБ ""Агробанк"""
00212,Агробанк,"Кызылтепинский филиал АКБ ""Агробанк"""
00214,Агробанк,"Нуратинский филиал АКБ ""Агробанк"""
00216,Агробанк,"Тамдынский филиал АКБ ""Агробанк"""
00217,Агробанк,"Навбахорский филиал АКБ ""Агробанк"""
00222,Узнацбанк,Наманганское отделение Узнацбанка
00223,Ипотека-банк,"Наманганский областной филиал АКИБ ""Ипотека-банк"""
00227,Гарант банк,"Наманганский городской филиал АО ""Гарант банк"""
00278,Узнацбанк,Самаркандское отделение Узнацбанка
00283,Ипак Йули Банк,"Региональный филиал ""Умар"" АИКБ ""Ипак Йули Банк"""
00286,Гарант банк,"Самаркандский городской филиал АО ""Гарант банк"""
00311,Гарант банк,"Иштыханский филиал АО ""Гарант банк"""
00312,Ипотека-банк,"Самаркандский областной филиал АКИБ ""Ипотека-банк"""
00397,Узпромстройбанк,Учтепинский филиал Узпромстройбанка
00398,Узпромстройбанк,Алмазарский филиал Узпромстройбанка
00399,Узпромстройбанк,Мирзо Улугбекский филиал Узпромстройбанка
00400,Узпромстройбанк,Шахристанский филиал Узпромстройбанка
00403,Узпромстройбанк,Сергелийский филиал Узпромстройбанка
00405,Узпромстройбанк,Мирабадский филиал Узпромстройбанка
00316,Банк развития бизнеса,Каттакурганский филиал Кишлок курилиш банка
00330,Банк развития бизнеса,Сурхандарьинский региональный филиал Кишлок курилиш банка
00359,Банк развития бизнеса,Шурчинский филиал Кишлок курилиш банка
00324,Узнацбанк,Термезское отделение Узнацбанка
00407,Узнацбанк,"Филиал ""Главное операционное отделение"" Узнацбанка"
00328,Туронбанк,Термезский филиал Туронбанка
00368,Туронбанк,Гулистанский филиал Туронбанка
00424,Узпромстройбанк,Ташкентский городской региональный филиал Узпромстройбанка
00426,Узпромстройбанк,Катарталский филиал Узпромстройбанка
00427,Узпромстройбанк,Чиланзарский филиал Узпромстройбанка
00428,Узпромстройбанк,Юнусабадский филиал Узпромстройбанка
00432,Узпромстройбанк,Яшнободский филиал Узпромстройбанка
00434,Узпромстройбанк,Аль-Хоразмийский филиал Узпромстройбанка
00435,Узпромстройбанк,Ракатский филиал Узпромстройбанка
00442,Узпромстройбанк,Лабзакский филиал Узпромстройбанка
00455,Микрокредитбанк,Ташкентский областной филиал Микрокредитбанка
00458,Микрокредитбанк,Аккурганский филиал Микрокредитбанка
00467,Микрокредитбанк,Газалкентский филиал Микрокредитбанка
00470,Микрокредитбанк,Келесский филиал Микрокредитбанка
00473,Микрокредитбанк,Пскентский филиал Микрокредитбанка
00483,Микрокредитбанк,Паркентский филиал Микрокредитбанка
00490,Узпромстройбанк,Ташкентский областной региональный филиал Узпромстройбанка
00494,Узпромстройбанк,Ферганский региональный филиал Узпромстройбанка
00496,Микрокредитбанк,Ферганский областной филиал Микрокредитбанка
00497,Народный банк,Ферганский областной филиал Народного банка
00520,Микрокредитбанк,Риштанский филиал Микрокредитбанка
00524,Узпромстройбанк,Киргулийский филиал Узпромстройбанка
00443,Hamkorbank,Ташкентский филиал Hamkorbank
00431,Узнацбанк,"Филиал ""Академия"" Узнацбанка"
00451,Узнацбанк,Филиал Главного управления по г.Ташкенту Узнацбанка
00498,Туронбанк,Ферганский филиал Туронбанка
00325,Агробанк,"Сурхандарьинский областной территориальный филиал АКБ ""Агробанк"""
00331,Агробанк,"Байсунский филиал АКБ ""Агробанк"""
00337,Агробанк,"Шерабадский филиал АКБ ""Агробанк"""
00356,Ипотека-банк,"Сурхандарьинский областной филиал АКИБ ""Ипотека-банк"""
00363,Узнацбанк,Сырдарьинское отделение Узнацбанка
00364,Ипотека-банк,"Сырдарьинский областной филиал АКИБ ""Ипотека-банк"""
00395,Ziraat Bank Uzbekistan,"АО ""Ziraat Bank Uzbekistan"""
00401,Алокабанк,"Головной офис АК ""Алокабанк"""
00410,Гарант банк,"Кибрайский филиал АО ""Гарант банк"""
00414,Гарант банк,"Зангиатинский филиал АО ""Гарант банк"""
00418,Гарант банк,"Газалкентский филиал АО ""Гарант банк"""
00419,Ипотека-банк,"Ташкентский городской филиал АКИБ ""Ипотека-банк"""
00421,Ипак Йули Банк,"Мирзо Улугбекский филиал АИКБ ""Ипак Йули Банк"""
00433,Микрокредитбанк,"Головной офис АКБ ""Микрокредитбанк"""
00439,Гарант банк,"Головной офис АО ""Гарант банк"""
00440,Узпромстройбанк,"Головной офис АКБ ""Узпромстройбанк"""
00444,Ипак Йули Банк,"Головной офис АИКБ ""Ипак Йули Банк"""
00445,Капиталбанк,"Ташкентский городской филиал АКБ ""Капиталбанк"""
00446,Туронбанк,"Головной офис АКБ ""Туронбанк"""
00450,УзНацбанк,Головной офис УзНацбанка
00454,Агробанк,"Шайхонтохурский филиал АКБ ""Агробанк"""
00457,Агробанк,"Аккурганский филиал АКБ ""Агробанк"""
00463,Агробанк,"Букинский филиал АКБ ""Агробанк"""
00468,Агробанк,"Бекабадский филиал АКБ ""Агробанк"""
00472,Агробанк,"Пскентский филиал АКБ ""Агробанк"""
00493,Узнацбанк,Ферганское отделение Узнацбанка
00500,Гарант банк,"Ферганский филиал АО ""Гарант банк"""
01198,HAYOT BANK,"Акционерное общество ""HAYOT BANK"""
01199,SMART BANK,"Акционерное общество ""SMART BANK"""
00531,Узпромстройбанк,Кокандский филиал Узпромстройбанка
00549,Микрокредитбанк,Хорезмский областной филиал Микрокредитбанка
00557,Микрокредитбанк,Багатский филиал Микрокредитбанка
00568,Микрокредитбанк,Шаватский филиал Микрокредитбанка
00570,Микрокредитбанк,Караулский филиал Микрокредитбанка
00578,Микрокредитбанк,Хивинский филиал Микрокредитбанка
00584,Микрокредитбанк,филиал Республика Каракалпакстан Микрокредитбанка
00591,Узпромстройбанк,Кунградский филиал Узпромстройбанка
00599,Микрокредитбанк,Турткульский филиал Микрокредитбанка
00600,Савдогар банк,Турткульский филиал Савдогар банка
00616,Узпромстройбанк,Тахиаташский филиал Узпромстройбанка
00620,Микрокредитбанк,Мангитский филиал Микрокредитбанка
00628,Народный банк,Бузский филиал Народного банка
00632,Народный банк,Киргулийский филиал Народного банка
00633,Народный банк,Турткульский филиал Народного банка
00634,Народный банк,Амударьинский филиал Народного банка
00635,Народный банк,Чимбайский филиал Народного банка
00636,Народный банк,Берунийский филиал Народного банка
00637,Народный банк,Муйнакский филиал Народного банка
00638,Народный банк,Областной филиал Республики Каракалпакстан Народного банка
00639,Народный банк,Кунградский филиал Народного банка
00640,Народный банк,Кегейлийский филиал Народного банка
00553,Банк развития бизнеса,Хорезмский региональный филиал Кишлок курилиш банка
00562,Банк развития бизнеса,Ханкинский филиал Кишлок курилиш банка
00576,Банк развития бизнеса,Хивинский филиал Кишлок курилиш банка
00623,Алокабанк,Каракалпакстанский филиал Алокабанка
00547,Узнацбанк,Ургенчское отделение Узнацбанка
00582,Узнацбанк,Каракалпакстанское отделение Узнацбанка
00551,Туронбанк,Ургенчский филиал Туронбанка
00585,Туронбанк,Нукусский филиал Туронбанка
00641,Народный банк,Тахтакупырский филиал Народного банка
00642,Народный банк,Шуманайский филиал Народного банка
00643,Народный банк,Тахиаташский филиал Народного банка
00644,Народный банк,Канлыкульский филиал Народного банка
00645,Народный банк,Караузякский филиал Народного банка
00646,Народный банк,Элликкалинский филиал Народного банка
00647,Народный банк,Акмангитский филиал Народного банка
00649,Народный банк,Андижанский областной филиал Народного банка
00650,Народный банк,Асакинский филиал Народного банка
00651,Народный банк,Шахриханский филиал Народного банка
00652,Народный банк,Мархаматский филиал Народного банка
00653,Народный банк,Джалалкудукский филиал Народного банка
00654,Народный банк,Избасканский филиал Народного банка
00655,Народный банк,Балыкчинский филиал Народного банка
00656,Народный банк,Ходжаабадский филиал Народного банка
00657,Народный банк,Пахтаабадский филиал Народного банка
00658,Народный банк,Куйганярский филиал Народного банка
00659,Народный банк,Кургантепинский филиал Народного банка
00423,Ипотека-банк,"Мехнатский филиал АКИБ ""Ипотека-банк"""
00425,Ипотека-банк,"Шайхантаурский филиал АКИБ ""Ипотека-банк"""
00459,Ипотека-банк,"Алмалыкский филиал АКИБ ""Ипотека-банк"""
00478,Ипотека-банк,"Чирчикский филиал АКИБ ""Ипотека-банк"""
00487,Ипотека-банк,"Ахангаранский филиал АКИБ ""Ипотека-банк"""
00489,Ипотека-банк,"Бекабадский филиал АКИБ ""Ипотека-банк"""
00533,Агробанк,"Узбекистанский филиал АКБ ""Агробанк"""
00541,Агробанк,"Язъяванский филиал АКБ ""Агробанк"""
00542,Агробанк,"Сохский филиал АКБ ""Агробанк"""
00544,Ипотека-банк,"Ферганский областной филиал АКИБ ""Ипотека-банк"""
00552,Гарант банк,"Хорезмский областной филиал АО ""Гарант банк"""
00554,Агробанк,"Гурленский филиал АКБ ""Агробанк"""
00556,Агробанк,"Багатский филиал АКБ ""Агробанк"""
00558,Агробанк,"Хазараспский филиал АКБ ""Агробанк"""
00579,Ипотека-банк,"Хорезмский областной филиал АКИБ ""Ипотека-банк"""
00580,Ипотека-банк,"Филиал ""Тинчлик"" АКИБ ""Ипотека-банк"""
00621,Ипотека-банк,"Каракалпакстанский филиал АКИБ ""Ипотека-банк"""
00660,Народный банк,Ханабадский филиал Народного банка
00662,Народный банк,Алтынкульский филиал Народного банка
00663,Народный банк,Карасувский филиал Народного банка
00664,Народный банк,Булакбашинский филиал Народного банка
00665,Народный банк,Каганский филиал Народного банка
00666,Народный банк,Гиждуванский филиал Народного банка
00667,Народный банк,Каракульский филиал Народного банка
00668,Народный банк,Вабкентский филиал Народного банка
00669,Народный банк,Ромитанский филиал Народного банка
00670,Народный банк,Шафирканский филиал Народного банка
00671,Народный банк,Жондорский филиал Народного банка
00672,Народный банк,Галаасийский филиал Народного банка
00673,Народный банк,Алатский филиал Народного банка
00674,Народный банк,Пешкунский филиал Народного банка
00675,Народный банк,Заминский филиал Народного банка
00676,Народный банк,Джизакский областной филиал Народного банка
00677,Народный банк,Галлааральский филиал Народного банка
00678,Народный банк,Фаришский филиал Народного банка
00679,Народный банк,Мирзачульский филиал Народного банка
00680,Народный банк,Пахтакорский филиал Народного банка
00681,Народный банк,Бахмальский филиал Народного банка
00682,Народный банк,Дустликский филиал Народного банка
00683,Народный банк,Арнасайский филиал Народного банка
00684,Народный банк,Учтепинский филиал Народного банка
00685,Народный банк,Зарбдарский филиал Народного банка
00686,Народный банк,Зафарабадский филиал Народного банка
00687,Народный банк,Кашкадарьинский областной филиал Народного банка
00688,Народный банк,Касанский филиал Народного банка
00689,Народный банк,Чиракчинский филиал Народного банка
00690,Народный банк,Шахрисабзский филиал Народного банка
00691,Народный банк,Яккабагский филиал Народного банка
00692,Народный банк,Гузарский филиал Народного банка
00693,Народный банк,Дехканабадский филиал Народного банка
00694,Народный банк,Китабский филиал Народного банка
00695,Народный банк,Бешкентский филиал Народного банка
00696,Народный банк,Камашинский филиал Народного банка
00697,Народный банк,Касбинский филиал Народного банка
00698,Народный банк,Нишанский филиал Народного банка
00699,Народный банк,Миришкорский филиал Народного банка
00700,Народный банк,Мубарекский филиал Народного банка
00702,Народный банк,Нуратинский филиал Народного банка
00703,Народный банк,Навоийский областной филиал Народного банка
00704,Народный банк,Хатырчинский филиал Народного банка
00706,Народный банк,Кызылтепинский филиал Народного банка
00708,Народный банк,Навоийский городской филиал Народного банка
00709,Народный банк,Зарафшанский филиал Народного банка
00710,Народный банк,Навбахорский филиал Народного банка
00711,Народный банк,Наманганский областной филиал Народного банка
00712,Народный банк,Янгикурганский филиал Народного банка
00713,Народный банк,Мингбулакский филиал Народного банка
00714,Народный банк,Папский филиал Народного банка
00715,Народный банк,Чустский филиал Народного банка
00716,Народный банк,Уйчинский филиал Народного банка
00717,Народный банк,Учкурганский филиал Народного банка
00718,Народный банк,Касансайский филиал Народного банка
00719,Народный банк,Туракурганский филиал Народного банка
00720,Народный банк,Ташбулакский филиал Народного банка
00721,Народный банк,Чартакский филиал Народного банка
00722,Народный банк,Нарынский филиал Народного банка
00724,Народный банк,Богишамолский филиал Народного банка
00725,Народный банк,Каттакурганский филиал Народного банка
00726,Народный банк,Пайарыкский филиал Народного банка
00727,Народный банк,Булунгурский филиал Народного банка
00728,Народный банк,Акдарьинский филиал Народного банка
00729,Народный банк,Пастдаргомский филиал Народного банка
00730,Народный банк,Ургутский филиал Народного банка
00731,Народный банк,Нарпайский филиал Народного банка
00732,Народный банк,Джамбайский филиал Народного банка
00733,Народный банк,Пахтачинский филиал Народного банка
00734,Народный банк,Самаркандский филиал Народного банка
00735,Народный банк,Иштиханский филиал Народного банка
00736,Народный банк,Темирюльский филиал Народного банка
00737,Народный банк,Пайшанбинский филиал Народного банка
00738,Народный банк,Сиабский филиал Народного банка
00739,Народный банк,Кушрабадский филиал Народного банка
00740,Народный банк,Нурабадский филиал Народного банка
00741,Народный банк,Челакский филиал Народного банка
00742,Народный банк,Тайлакский филиал Народного банка
00744,Народный банк,Сурхандарьинский областной филиал Народного банка
00745,Народный банк,Узунский филиал Народного банка
00746,Народный банк,Байсунский филиал Народного банка
00747,Народный банк,Денауский филиал Народного банка
00748,Народный банк,Шерабадский филиал Народного банка
00749,Народный банк,Джаркурганский филиал Народного банка
00750,Народный банк,Шурчинский филиал Народного банка
00751,Народный банк,Ангорский филиал Народного банка
00752,Народный банк,Музрабадский филиал Народного банка
00753,Народный банк,Кизирикский филиал Народного банка
00754,Народный банк,Кумкурганский филиал Народного банка
00755,Народный банк,Алтынсайский филиал Народного банка
00756,Народный банк,Учкизилский филиал Народного банка
00757,Народный банк,Сариасийский филиал Народного банка
00759,Народный банк,Сырдарьинский областной филиал Народного банка
00760,Народный банк,Сырдарьинский городской филиал Народного банка
00761,Народный банк,Янгиерский филиал Народного банка
00762,Народный банк,Баяутский филиал Народного банка
00763,Народный банк,Сардобский филиал Народного банка
00764,Народный банк,Гулистанский филиал Народного банка
00765,Народный банк,Сайхунабадский филиал Народного банка
00766,Народный банк,Акалтынский филиал Народного банка
00767,Народный банк,Мирзаабадский филиал Народного банка
00770,Народный банк,Бостанлыкский филиал Народного банка
00771,Народный банк,Юкоричирчикский филиал Народного банка
00772,Народный банк,Ахангаранский филиал Народного банка
00773,Народный банк,Куйичирчикский филиал Народного банка
00774,Народный банк,Пскентский филиал Народного банка
00775,Народный банк,Уртачирчикский филиал Народного банка
00776,Народный банк,Кибрайский филиал Народного банка
00777,Народный банк,Янгиюльский филиал Народного банка
00778,Народный банк,Зангиатинский филиал Народного банка
00779,Народный банк,Аккурганский филиал Народного банка
00780,Народный банк,Чиназский филиал Народного банка
00781,Народный банк,Чирчикский филиал Народного банка
00782,Народный банк,Букинский филиал Народного банка
00783,Народный банк,Бекабадский филиал Народного банка
00784,Народный банк,Ангренский филиал Народного банка
00785,Народный банк,Алмалыкский филиал Народного банка
00786,Народный банк,Келесский филиал Народного банка
00787,Народный банк,Зафарский филиал Народного банка
00788,Народный банк,Паркентский филиал Народного банка
00789,Народный банк,Кокандский филиал Народного банка
00790,Народный банк,Маргиланский филиал Народного банка
00792,Народный банк,Узбекистанский филиал Народного банка
00793,Народный банк,Бувайдинский филиал Народного банка
00794,Народный банк,Багдадский филиал Народного банка
00795,Народный банк,Риштанский филиал Народного банка
00796,Народный банк,Алтыарыкский филиал Народного банка
00797,Народный банк,Бешарыкский филиал Народного банка
00798,Народный банк,Ташлакский филиал Народного банка
00799,Народный банк,Кувинский филиал Народного банка
00800,Народный банк,Дангаринский филиал Народного банка
00801,Народный банк,Вадилский филиал Народного банка
00802,Народный банк,Кувасайский филиал Народного банка
00803,Народный банк,Куштепинский филиал Народного банка
00804,Народный банк,Учкуприкский филиал Народного банка
00805,Народный банк,Язъяванский филиал Народного банка
00806,Народный банк,Сохский филиал Народного банка
00807,Народный банк,Фуркатский филиал Народного банка
00808,Народный банк,Хорезмский областной филиал Народного банка
00809,Народный банк,Гурленский филиал Народного банка
00810,Народный банк,Шаватский филиал Народного банка
00811,Народный банк,Хивинский филиал Народного банка
00812,Народный банк,Ханкинский филиал Народного банка
00813,Народный банк,Хазараспский филиал Народного банка
00814,Народный банк,Янгиарыкский филиал Народного банка
00815,Народный банк,Кушкупырский филиал Народного банка
00816,Народный банк,Багатский филиал Народного банка
00817,Народный банк,Караульский филиал Народного банка
00818,Народный банк,Питнакский филиал Народного банка
00819,Народный банк,Янгибазарский филиал Народного банка
00820,Народный банк,Мирабадский филиал Народного банка
00821,Народный банк,Шайхантаурский филиал Народного банка
00822,Народный банк,Мирзо-Улугбекский филиал Народного банка
00823,Народный банк,Юнусабадский филиал Народного банка
00825,Народный банк,Чиланзарский филиал Народного банка
00826,Народный банк,Сергелийский филиал Народного банка
00827,Народный банк,Яшнабодский филиал Народного банка
00828,Народный банк,Алмазарский филиал Народного банка
00829,Народный банк,Учтепинский филиал Народного банка
00830,Народный банк,Бектемирский филиал Народного банка
00831,КДБ Банк Узбекистан,Юнусабадский филиал КДБ Банк Узбекистана
00839,Народный банк,Ходжейлийский филиал Народного банка
00853,Узпромстройбанк,Хорезмский региональный филиал Узпромстройбанка
00854,Узпромстройбанк,Кашкадарьинский региональный филиал Узпромстройбанка
00855,Узпромстройбанк,Сырдарьинский региональный филиал Узпромстройбанка
00862,Узпромстройбанк,Тукимачиликский филиал Узпромстройбанка
00863,Узпромстройбанк,Чирчикский филиал Узпромстройбанка
00868,Узпромстройбанк,Каракалпакстанский региональный филиал Узпромстройбанка
00884,Узпромстройбанк,Кибрайский филиал Узпромстройбанка
00866,Банк развития бизнеса,Ахангаранский филиал Кишлок курилиш банка
00861,Алокабанк,Хорезмский филиал Алокабанка
00874,Алокабанк,Наманганский филиал Алокабанка
00832,Узнацбанк,Ташкентское областное отделение Узнацбанка
00850,Трастбанк,Ташкентский филиал Трастбанка
00994,Узпромстройбанк,Амир Темурский филиал Узпромстройбанка
01005,Народный банк,Самаркандский областной филиал Народного банка
00909,Банк развития бизнеса,Янгиерский филиал Кишлок курилиш банка
00924,Банк развития бизнеса,Бекабадский филиал Кишлок курилиш банка
00923,Алокабанк,Андижанский филиал Алокабанка
00961,Алокабанк,Бухарский филиал Алокабанка
00967,Алокабанк,Сурхандарьинский филиал Алокабанка
00985,Алокабанк,Самаркандский филиал Алокабанка
00990,Алокабанк,Кашкадарьинский филиал Алокабанка
01007,Алокабанк,Навоийский филиал Алокабанка
01011,Алокабанк,Ферганский филиал Алокабанка
00956,Hamkorbank,Кокандский филиал Hamkorbank
00960,Hamkorbank,Чиназский филиал Hamkorbank
00962,Hamkorbank,Чинабадский филиал Hamkorbank
00965,Hamkorbank,Истикболский филиал Hamkorbank
00966,Hamkorbank,Бухарский филиал Hamkorbank
00976,Hamkorbank,Янгиюльский филиал Hamkorbank
00988,Hamkorbank,Алмалыкский филиал Hamkorbank
00991,Hamkorbank,Маргиланский филиал Hamkorbank
00992,Hamkorbank,Филиал Юксалиш Hamkorbank
01001,Hamkorbank,Термезский филиал Hamkorbank
00895,Узнацбанк,Мирзо-Улугбекский филиал Узнацбанка
00899,Узнацбанк,Каганский филиал Узнацбанка
00905,Узнацбанк,"Филиал ""Отделение Саёхат"" Узнацбанка"
00907,Узнацбанк,Шаватский филиал Узнацбанка
00910,Узнацбанк,Каракульский филиал Узнацбанка
00911,Узнацбанк,Янгиюльский филиал Узнацбанка
00912,Узнацбанк,Бекабадский филиал Узнацбанка
00914,Узнацбанк,Кумкурганский филиал Узнацбанка
00898,Туркистон банк,Юнусабадский филиал Туркистон банка
00996,Универсал банк,Ташкентский городской филиал Универсал банка
00837,Ипотека-банк,"Юнусабадский филиал АКИБ ""Ипотека-банк"""
00842,КДБ Банк Узбекистан,"Головной офис АО ""КДБ Банк Узбекистан"""
00913,Узнацбанк,Джамбайский филиал Узнацбанка
00950,Банк Садерат Ирана,ДБ Банка Садерат Ирана в городе г. Ташкенте Республики Узбекистан
00973,Универсал банк,"Головной офис АКБ ""Универсал банк"""
00974,Капиталбанк,"Операционное управление АКБ ""Капиталбанк"""
00980,OCTOBANK,"""OCTOBANK"" AO"
00981,Давр-банк,"ОПЕРУ ЧАКБ ""Давр-банк"""
00999,Ипак Йули Банк,"Урикзарский филиал АИКБ ""Ипак Йули Банк"""
01018,Капиталбанк,"Мирзо-Улугбекский филиал АКБ ""Капиталбанк"""
00954,Трастбанк,Дарханский филиал Трастбанка
00982,Туронбанк,Джизакский филиал Туронбанка
00986,Туронбанк,Мирабадский филиал Туронбанка
00989,Туронбанк,Шахрисабзский филиал Туронбанка
01019,Туронбанк,Зангиатинский филиал Туронбанка
01022,Узпромстройбанк,Ангренский филиал Узпромстройбанка
01034,Узпромстройбанк,Алмалыкский филиал Узпромстройбанка
01044,Микрокредитбанк,Чартакский филиал Микрокредитбанка
01045,Узпромстройбанк,Сурхандарьинский региональный филиал Узпромстройбанка
01047,Микрокредитбанк,"Филиал ""Джума"" Микрокредитбанка"
01049,Микрокредитбанк,Касансайский филиал Микрокредитбанка
01052,Микрокредитбанк,Учкуприкский филиал Микрокредитбанка
01055,Микрокредитбанк,Элликкалинский филиал Микрокредитбанка
01066,HI-TECH BANK,Головной офис HI-TECH BANK
01089,Микрокредитбанк,Кокандский филиал Микрокредитбанка
01100,Узпромстройбанк,Бекабадский филиал Узпромстройбанка
01106,Микрокредитбанк,Ходжейлийский филиал Микрокредитбанка
01079,Банк развития бизнеса,Ходжаабадский филиал Кишлок курилиш банка
01026,Алокабанк,Джизакский филиал Алокабанка
01091,Алокабанк,Мирабадский филиал Алокабанка
01092,Алокабанк,Кокандский филиал Алокабанка
01030,Hamkorbank,Самаркандский филиал Hamkorbank
01031,Hamkorbank,Каршинский филиал Hamkorbank
01064,Hamkorbank,Навоийский филиал Hamkorbank
01068,Hamkorbank,Нукусский филиал Hamkorbank
01090,Hamkorbank,Денауский филиал Hamkorbank
01108,Hamkorbank,Чиланзарский филиал Hamkorbank
01077,Узнацбанк,Янгиабадский филиал Узнацбанка
01094,Узнацбанк,Маликрабатский филиал Узнацбанка
01075,Ориент Финанс банк,Юнусабадский филиал Ориент Финанс банка
01096,Ориент Финанс банк,Чиланзарский филиал Ориент Финанс банка
01110,Ориент Финанс банк,Центральный операционный филиал Ориент Финанс банка
01111,Ориент Финанс банк,Самаркандский филиал Ориент Финанс банка
01104,Туркистон банк,Головной офис Туркистон банка
01060,Трастбанк,Наманганский филиал Трастбанка
01063,Трастбанк,Термезский филиал Трастбанка
01074,Трастбанк,Андижанский филиал Трастбанка
01097,Трастбанк,Самаркандский филиал Трастбанка
01098,Трастбанк,Яккасарайский филиал Трастбанка
01109,Трастбанк,Каршинский филиал Трастбанка
00937,Ипотека-банк,"Головной офис АКИБ ""Ипотека-банк"""
00959,Ипотека-банк,"Яшнободский филиал АКИБ ""Ипотека-банк"""
00978,Ипотека-банк,"Сергелийский филиал АКИБ ""Ипотека-банк"""
00997,Ипотека-банк,"Чиланзарский филиал АКИБ ""Ипотека-банк"""
01028,Ипак Йули Банк,"Яккасарайский филиал АИКБ ""Ипак Йули Банк"""
01032,Капиталбанк,"Термезский филиал АКБ ""Капиталбанк"""
01033,Капиталбанк,"Филиал ""Чорсу"" АКБ ""Капиталбанк"""
01036,Ипак Йули Банк,"Филиал ""Сагбан"" АИКБ ""Ипак Йули Банк"""
01037,Банк развития бизнеса,"АКБ ""Банк развития бизнеса"""
01038,Капиталбанк,"Нукусский филиал АКБ ""Капиталбанк"""
01041,InFinBank,"Головной офис АО ""InFinBank"""
01042,Капиталбанк,"Сергелийский филиал АКБ ""Капиталбанк"""
01043,Капиталбанк,"Ферганский филиал АКБ ""Капиталбанк"""
01046,Давр-банк,"Чиланзарский филиал ЧАКБ ""Давр-банк"""
01048,Ипак Йули Банк,"Шахрисабзский филиал АИКБ ""Ипак Йули Банк"""
01054,Ипак Йули Банк,"Наманганский филиал АИКБ ""Ипак Йули Банк"""
01056,InFinBank,"Ташкентский областной филиал АО ""InFinBank"""
01061,Капиталбанк,"Самаркандский филиал АКБ ""Капиталбанк"""
01065,КДБ Банк Узбекистан,"Филиал Ойбек АО ""КДБ Банк Узбекистан"""
01067,Ипак Йули Банк,"Чиланзарский филиал АИКБ ""Ипак Йули Банк"""
01069,Давр-банк,"Яккасарайский филиал ЧАКБ ""Давр-банк"""
01070,InFinBank,"Сергелийский филиал АО ""InFinBank"""
01071,Ориент Финанс банк,"Головной офис ЧАКБ ""Ориент Финанс"""
01072,Давр-банк,"Мирзо Улугбекский филиал ЧАКБ ""Давр-банк"""
01081,Ипак Йули Банк,"Янгиюльский филиал АИКБ ""Ипак Йули Банк"""
01086,Давр-банк,"Учтепинский филиал ЧАКБ ""Давр-банк"""
01105,Гарант банк,"Шайхантаурский филиал АО ""Гарант банк"""
01112,Узнацбанк,Регистанский филиал Узнацбанка
01083,Туронбанк,Яшнободский филиал Туронбанка
01084,Туронбанк,Чиланзарский филиал Туронбанка
01125,Народный банк,Главное операционное управление Народного банка
01132,Народный банк,Операционное отделение Ташкентского городского филиала Народного банка
01138,Ziraat Bank Uzbekistan,Юнусабадский филиал АО Ziraat Bank Uzbekistan
01146,Народный банк,Хавастский филиал Народного банка
01147,Микрокредитбанк,Карасарайский филиал Микрокредитбанка
01152,Узпромстройбанк,Джизакский региональный филиал Узпромстройбанка
01175,Народный банк,Термезский городской филиал Народного банка
01185,Tenge Bank,Ферганский филиал Tenge Bank
09006,Народный банк,Расчетный центр Народного банка
01169,Асакабанк,Хазараспский филиал Асака банка
01179,Банк развития бизнеса,Сергелийский филиал Кишлок курилиш банка
01189,Банк развития бизнеса,Яккасарайский филиал Кишлок курилиш банка
01117,Hamkorbank,Джизакский филиал Hamkorbank
01118,Hamkorbank,Гулистанский филиал Hamkorbank
01126,Hamkorbank,Богишамольский филиал Hamkorbank
01127,Hamkorbank,Шайхантаурский филиал Hamkorbank
01149,Hamkorbank,Ангренский филиал Hamkorbank
01155,Hamkorbank,Ферганский региональный филиал Hamkorbank
01156,Hamkorbank,Наманганский региональный филиал Hamkorbank
01115,Ориент Финанс банк,Шайхантохурский филиал Ориент Финанс банка
01167,Ориент Финанс банк,Мирабадский филиал Ориент Финанс банка
01131,Универсал банк,Ферганский филиал Универсал банка
01151,Универсал банк,Бувайдинский филиал Универсал банка
01174,Универсал банк,Зангиатинский филиал Универсал банк
01123,Трастбанк,Ферганский филиал Трастбанка
01166,Трастбанк,Джизакский филиал Трастбанка
01187,Трастбанк,Бухарский филиал Трастбанка
01144,Туронбанк,Юнусабадский филиал Туронбанка
01154,Туронбанк,Мирза Улугбекский филиал Туронбанк
01171,Туронбанк,Андижанский филиал Туронбанка
09061,Tenge Bank,Платежный центр Tenge Bank
01057,ASIA ALLIANCE BANK,Шайхонтохурский филиал ASIA ALLIANCE BANK
01099,ASIA ALLIANCE BANK,Каршинский филиал ASIA ALLIANCE BANK
01102,ASIA ALLIANCE BANK,Алмазарский филиал ASIA ALLIANCE BANK
01103,ASIA ALLIANCE BANK,Мирзо Улугбекский филиал ASIA ALLIANCE BANK
01124,ASIA ALLIANCE BANK,Мирабадский филиал ASIA ALLIANCE BANK
01137,ASIA ALLIANCE BANK,Бухарский филиал ASIA ALLIANCE BANK
01095,ASIA ALLIANCE BANK,"Головной офис АКБ ""ASIA ALLIANCE BANK"""
01116,InFinBank,"Кокандский филиал АО ""InFinBank"""
01119,Ипак Йули Банк,"Каршинский филиал АИКБ ""Ипак Йули Банк"""
01120,Ипак Йули Банк,"Андижанский филиал АИКБ ""Ипак Йули Банк"""
01121,Давр-банк,"Алмазарский филиал ЧАКБ ""Давр-банк"""
01122,Давр-банк,"Юнусабадский филиал ЧАКБ ""Давр-банк"""
01128,InFinBank,"Ферганский областной филиал АО ""InFinBank"""
01130,Ипотека-банк,"Зангиатинский филиал АКИБ ""Ипотека-банк"""
01136,Капиталбанк,"Яшнободский филиал АКБ ""Капиталбанк"""
01140,Агробанк,"Центральное операционное управления АКБ ""Агробанк"""
01142,Мадад Инвест Банк,"АКБ ""Мадад Инвест Банк"" "
01145,Ипак Йули Банк,"Шайхантахурский филиал АИКБ ""Ипак Йули Банк"""
01150,AVO BANK,"Акционерное общество ""AVO BANK"""
01168,Ипак Йули Банк,"Ферганский филлиал АИКБ ""Ипак Йули Банк"""
01170,Ипотека-банк,Дустободский филиал Ипотека-банк
01172,Пойтахт банк,Головной офис Пойтахт банка
01176,Tenge Bank,"Головной офис АКБ ""Tenge Bank"" "
01180,TBC Bank,"Головной офис АКБ ""Тибиси Банк"""
01183,ANOR BANK,"Головной офис АО ""ANOR BANK"""
01188,Ипак Йули Банк,"Бухарский филиал АИКБ ""Ипак Йули Банк"""
01190,UZUM BANK,"Акционерное общество ""UZUM BANK"""
01197,YANGI BANK,"Акционерное общество ""YANGI BANK"""
09001,Центральный банк,Платежный центр центрального банка
09002,Узнацбанк,Расчетно-клиринговый центр Узнацбанка
09003,Узпромстройбанк,"Платежный центр АКБ ""Узпромстройбанк"""
09004,Агробанк,"Расчетный центр АКБ ""Агробанк"""
09008,Гарант банк,"Платежный центр АО ""Гарант банк"""
09020,Ziraat Bank Uzbekistan,"Платежный центр АО ""Ziraat Bank Uzbekistan"""
09034,КДБ Банк Узбекистан,"Платежный центр АО ""КДБ Банк Узбекистан"""
01143,ASIA ALLIANCE BANK,Самаркандский филиал ASIA ALLIANCE BANK
01173,ASIA ALLIANCE BANK,Ферганский филиал ASIA ALLIANCE BANK
09009,Банк развития бизнеса,Платежный центр Кишлок курилиш банка
09031,Алокабанк,Платежный центр Алокабанка
09012,Hamkorbank,Платежный центр Hamkorbank
00844,Узнацбанк,Мубарекский филиал Узнацбанка
00845,Узнацбанк,Денауский филиал Узнацбанка
09038,Туркистон банк,Платежный центр Туркистон банка
09011,Туронбанк,Платежный центр Туронбанка
00155,Банк развития бизнеса,Кашкадарьинский региональный филиал Кишлок курилиш банка
00156,Банк развития бизнеса,Кукдалинский филиал Кишлок курилиш банка
00171,Банк развития бизнеса,Яккабагский филиал Кишлок курилиш банка
00014,Центральный банк,Расчетно-кассовый центр Центрального банка по г. Ташкенту
00015,Центральный банк,Расчетно-кассовый центр Центрального банка по Республике Каракалпакстан
00016,Центральный банк,Расчетно-кассовый центр Центрального банка по Андижанской области
00017,Центральный банк,Расчетно-кассовый центр Центрального банка по Бухарской области
00018,Центральный банк,Расчетно-кассовый центр Центрального банка по Джизакской области
00019,Центральный банк,Расчетно-кассовый центр Центрального банка по Кашкадарьинской области
00020,Центральный банк,Расчетно-кассовый центр Центрального банка по Навоийской области
00021,Центральный банк,Расчетно-кассовый центр Центрального банка по Наманганской области
00022,Центральный банк,Расчетно-кассовый центр Центрального банка по Самаркандской области
00023,Центральный банк,Расчетно-кассовый центр Центрального банка по Сырдарьинской области
00024,Центральный банк,Расчетно-кассовый центр Центрального банка по Сурхандарьинской области
00025,Центральный банк,Расчетно-кассовый центр Центрального банка по Ташкентской области
00026,Центральный банк,Расчетно-кассовый центр Центрального банка по Ферганской области
00027,Центральный банк,Расчетно-кассовый центр Центрального банка по Хорезмской области
00069,Асакабанк,"Андижанский филиал АО ""Асакабанк"""
00073,Асакабанк,"Бабурский филиал АО ""Асакабанк"""
00120,Асакабанк,"Бухарский  филиал АО ""Асакабанк"""
00140,Асакабанк,"Джизакский  филиал АО ""Асакабанк"""
00194,Асакабанк,"Каршинский  филиал АО ""Асакабанк"""
00206,Асакабанк,"Навоийский  филиал АО ""Асакабанк"""
00231,Асакабанк,"Наманганский  филиал АО ""Асакабанк"""
00264,Асакабанк,"Самаркандский  филиал АО ""Асакабанк"""
00358,Асакабанк,"Термезинский  филиал АО ""Асакабанк"""
00373,Асакабанк,"Гулистанский  филиал АО ""Асакабанк"""
00411,Асакабанк,"Нурафшанский филиал АО ""Асакабанк"""
00416,Асакабанк,"Пойтахтский филиал АО ""Асакабанк"""
00417,Асакабанк,"Автотранспортный филиал АО ""Асакабанк"""
00539,Асакабанк,"Ферганский  филиал АО ""Асакабанк"""
00581,Асакабанк,"Ургенчский  филиал АО ""Асакабанк"""
00625,Асакабанк,"Нукусский филиал АО ""Асакабанк"""
00631,Асакабанк,"Кокандский филиал АО ""Асакабанк"""
00873,Асакабанк,"Головной офис АО ""Асакабанк"""
00958,Асакабанк,"Сергелийский филиал АО ""Асакабанк"""
00963,Асакабанк,"Юнусабадский филиал АО ""Асакабанк"""
00969,Асакабанк,"Шайхантаурский филиал АО ""Асакабанк"""
01021,Асакабанк,"Зарафшанский филиал АО ""Асакабанк"""
01200,Трастбанк,"Цифровой филиал Яшнабадского района ЧАБ ""Трастбанк"""
09013,Асакабанк,"Платежный центр АО ""Асакабанк"""
09014,Ипак Йули Банк,"Расчетный центр АИКБ ""Ипак Йули Банк"""
09030,Трастбанк,"Платежный центр ЧАБ ""Трастбанк"""
09033,Ипотека-банк,"Платежный центр АКИБ ""Ипотека-банк"""
09048,Универсал банк,"Платежный центр АКБ ""Универсал банк"""
09049,Капиталбанк,"Расчетный центр АКБ ""Капиталбанк"""
09051,Давр-банк,"Платежный центр ЧАКБ ""Давр-банк"""
09053,InFinBank,"Платежный центр АО ""InFinBank"""
09055,ASIA ALLIANCE BANK,"Платежный центр АКБ ""ASIA ALLIANCE BANK"""
00240,Банк развития бизнеса,Папский филиал Кишлок курилиш банка
00248,Банк развития бизнеса,Учкурганский филиал Кишлок курилиш банка
00287,Банк развития бизнеса,Самаркандский региональный филиал Кишлок курилиш банка
00370,Банк развития бизнеса,Сырдарьинский региональный филиал Кишлок курилиш банка
00452,Банк развития бизнеса,Ташкентский городской региональный филиал Кишлок курилиш банка
00466,Банк развития бизнеса,Газалкентский филиал Кишлок курилиш банка
00484,Банк развития бизнеса,Янгиюльский филиал Кишлок курилиш банка
00501,Банк развития бизнеса,Ферганский региональный филиал Кишлок курилиш банка
00527,Банк развития бизнеса,Маргиланский филиал Кишлок курилиш банка
00588,Банк развития бизнеса,Каракалпакстанский региональный филиал Кишлок курилиш банка
00611,Банк развития бизнеса,Кунградский филиал Кишлок курилиш банка
00626,Банк развития бизнеса,Чимбайский филиал Кишлок курилиш банка
00630,Банк развития бизнеса,Кокандский филиал Кишлок курилиш банка
00867,Банк развития бизнеса,Кувинский филиал Кишлок курилиш банка
00933,Банк развития бизнеса,Джаркурганский филиал Кишлок курилиш банка
00934,Банк развития бизнеса,Сариасийский филиал Кишлок курилиш банка
00953,Банк развития бизнеса,Берунийский филиал Кишлок курилиш банка
00975,Банк развития бизнеса,Галаасийский филиал Кишлок курилиш банка
00987,Банк развития бизнеса,Ташкентский областной региональный филиал Кишлок курилиш банка
01010,Банк развития бизнеса,Кумкурганский филиал Кишлок курилиш банка
01016,Банк развития бизнеса,Янгиабадский филиал Кишлок курилиш банка
01003,Hamkorbank,Кувасайский филиал Hamkorbank
01008,Hamkorbank,Авиастроительный филиал Hamkorbank
01013,Hamkorbank,Яккасарайский филиал Hamkorbank
01157,Hamkorbank,Ургутский филиал Hamkorbank
01159,Hamkorbank,Чирчикский филиал Hamkorbank
01160,Hamkorbank,Чустский филиал Hamkorbank
01161,Hamkorbank,Хорезмский региональный филиал Hamkorbank
01162,Hamkorbank,Хазараспский филиал Hamkorbank
01163,Hamkorbank,Юнусабадский филиал Hamkorbank
01164,Hamkorbank,Учтепинский филиал Hamkorbank
01177,Hamkorbank,Кашкадарьинский региональный филиал Hamkorbank
01178,Hamkorbank,Каттакурганский филиал Hamkorbank
01181,Hamkorbank,Нурафшанский филиал Hamkorbank
01182,Hamkorbank,Шахрисабзский филиал Hamkorbank
00836,Узнацбанк,Юнусабадский филиал Узнацбанка
00846,Узнацбанк,Турткульский филиал Узнацбанка
00847,Узнацбанк,Яшнободский филиал Узнацбанка
00849,Узнацбанк,Гиждуванский филиал Узнацбанка
00860,Узнацбанк,Хазараспский филиал Узнацбанка
00869,Узнацбанк,Сергелийский филиал Узнацбанка
00870,Узнацбанк,Яккасарайский филиал Узнацбанка
00875,Узнацбанк,Мирабадский филиал Узнацбанка
00876,Узнацбанк,Алмазарский филиал Узнацбанка
00880,Узнацбанк,Учкудукский филиал Узнацбанка
00882,Узнацбанк,"Филиал ""Центральное операционное отделение"" Узнацбанка"
00877,Узнацбанк,Уйчинский филиал Узнацбанка
00881,Узнацбанк,Учкурганский филиал Узнацбанка
01080,InFinBank,"Зангиатинский филиал АО ""InFinBank"""
01082,Капиталбанк,"Бухарский филиал АКБ ""Капиталбанк"""
01085,Капиталбанк,"Наманганский филиал АКБ ""Капиталбанк"""
01088,Капиталбанк,"Головной офис ""Капиталбанк"""
01101,Ипак Йули Банк,"Мирабадский филиал АИКБ ""Ипак Йули Банк"""
01107,InFinBank,"Бухарский областной филиал АО ""InFinBank"""
01113,InFinBank,"Наманганский областной филиал АО ""InFinBank"""
01114,InFinBank,"Андижанский областной филиал АО ""InFinBank"""
01129,InFinBank,"Хорезмский областной филиал АО ""InFinBank"""
01133,InFinBank,"Самаркандский областной филиал АО ""InFinBank"""
01135,InFinBank,"Кашкадарьинский областной филиал АО ""InFinBank"""
01139,InFinBank,"Каракалпакстанский филиал АО ""InFinBank"""
01148,InFinBank,"Навоийский областной филиал АО ""InFinBank"""
01158,Капиталбанк,"Операционное управление АКБ ""Капиталбанк"""
01165,InFinBank,"Учтепинский филиал АО ""InFinBank"""
00888,Узнацбанк,Кунградский филиал Узнацбанка
00890,Узнацбанк,Ангренский филиал Узнацбанка
00894,Узнацбанк,Гузарский филиал Узнацбанка
00915,Узнацбанк,Ханкинский филиал Узнацбанка
00918,Узнацбанк,Учтепинский филиал Узнацбанка
00930,Узнацбанк,Бектемирский филиал Узнацбанка
00931,Узнацбанк,Газалкентский филиал Узнацбанка
00939,Узнацбанк,Нурабадский филиал Узнацбанка
00940,Узнацбанк,Янгиарыкский филиал Узнацбанка
00943,Узнацбанк,Ромитанский филиал Узнацбанка
00945,Узнацбанк,Кызылтепинский филиал Узнацбанка
00089,Агробанк,"Бухарский областной территориальный филиал АКБ ""Агробанк"""
00091,Агробанк,"Вабкентский филиал АКБ ""Агробанк"""
00092,Агробанк,"Гиждуванский филиал АКБ ""Агробанк"""
00093,Агробанк,"Шафирканский филиал АКБ ""Агробанк"""
00094,Агробанк,"Каракульский филиал АКБ ""Агробанк"""
00095,Агробанк,"Ромитанский филиал АКБ ""Агробанк"""
00096,Агробанк,"Жондорский филиал АКБ ""Агробанк"""
00097,Агробанк,"Бухарский филиал АКБ ""Агробанк"""
00098,Агробанк,"Пешкунский филиал АКБ ""Агробанк"""
00128,Агробанк,"Галлааральский филиал АКБ ""Агробанк"""
00129,Агробанк,"Дустликский филиал АКБ ""Агробанк"""
00130,Агробанк,"Мирзачульский филиал АКБ ""Агробанк"""
00131,Агробанк,"Заминский филиал АКБ ""Агробанк"""
00132,Агробанк,"Бахмальский филиал АКБ ""Агробанк"""
00133,Агробанк,"Фаришский филиал АКБ ""Агробанк"""
00134,Агробанк,"Зафарабадский филиал АКБ ""Агробанк"""
00157,Агробанк,"Гузарский филиал АКБ ""Агробанк"""
00158,Агробанк,"Дехканабадский филиал АКБ ""Агробанк"""
00160,Агробанк,"Камашинский филиал АКБ ""Агробанк"""
00162,Агробанк,"Касанский филиал АКБ ""Агробанк"""
00166,Агробанк,"Шахрисабзский филиал АКБ ""Агробанк"""
00169,Агробанк,"Яккабагский филиал АКБ ""Агробанк"""
00172,Агробанк,"Каршинский филиал АКБ ""Агробанк"""
00174,Агробанк,"Чиракчинский филиал АКБ ""Агробанк"""
00176,Агробанк,"Китабский филиал АКБ ""Агробанк"""
00179,Агробанк,"Касбинский филиал АКБ ""Агробанк"""
00181,Агробанк,"Нишанский филиал АКБ ""Агробанк"""
00184,Агробанк,"Миришкорский филиал АКБ ""Агробанк"""
00187,Агробанк,"Мубарекский филиал АКБ ""Агробанк"""
00197,Агробанк,"Навоийский областной территориальный филиал АКБ ""Агробанк"""
00219,Агробанк,"Хатырчинский филиал АКБ ""Агробанк"""
00225,Агробанк,"Наманганский филиал АКБ ""Агробанк"""
00232,Агробанк,"Мингбулакский филиал АКБ ""Агробанк"""
00234,Агробанк,"Касансайский филиал АКБ ""Агробанк"""
00236,Агробанк,"Нарынский филиал АКБ ""Агробанк"""
00238,Агробанк,"Папский филиал АКБ ""Агробанк"""
00241,Агробанк,"Туракурганский филиал АКБ ""Агробанк"""
00244,Агробанк,"Уйчинский филиал АКБ ""Агробанк"""
00246,Агробанк,"Учкурганский филиал АКБ ""Агробанк"""
00249,Агробанк,"Чустский филиал АКБ ""Агробанк"""
00251,Агробанк,"Янгикурганский филиал АКБ ""Агробанк"""
00253,Агробанк,"Наманганский филиал АКБ ""Агробанк"""
00259,Агробанк,"Давлатабадский филиал АКБ ""Агробанк"""
00265,Агробанк,"Акдарьинский филиал АКБ ""Агробанк"""
00267,Агробанк,"Нарпайский филиал АКБ ""Агробанк"""
00885,Узнацбанк,Бешарыкский филиал Узнацбанка
00886,Узнацбанк,Кувинский филиал Узнацбанка
00892,Узнацбанк,Джизакский индустриальный филиал Узнацбанка
00893,Узнацбанк,Асакинский филиал Узнацбанка
00916,Узнацбанк,Мирзачульский филиал Узнацбанка
00932,Узнацбанк,Чартакский филиал Узнацбанка
00941,Узнацбанк,Пастдаргомский филиал Узнацбанка
00946,Узнацбанк,Риштанский филиал Узнацбанка
00955,Узнацбанк,Мархаматский филиал Узнацбанка
09057,Ориент Финанс банк,"Платежный центр ЧАКБ ""Ориент Финанс"""
00273,Агробанк,"Пастдаргомский филиал АКБ ""Агробанк"""
00275,Агробанк,"Каттакурганский филиал АКБ ""Агробанк"""
00280,Агробанк,"Сиёбский филиал АКБ ""Агробанк"""
00290,Агробанк,"Булунгурский филиал АКБ ""Агробанк"""
00291,Агробанк,"Нурабадский филиал АКБ ""Агробанк"""
00297,Агробанк,"Пахтачийский филиал АКБ ""Агробанк"""
00300,Агробанк,"Ургутский филиал АКБ ""Агробанк"""
00307,Агробанк,"Гузалкентский филиал АКБ ""Агробанк"""
00309,Агробанк,"Иштыханский филиал АКБ ""Агробанк"""
00313,Агробанк,"Кушрабадский филиал АКБ ""Агробанк"""
00332,Агробанк,"Джаркурганский филиал АКБ ""Агробанк"""
00334,Агробанк,"Музрабадский филиал АКБ ""Агробанк"""
00339,Агробанк,"Шурчинский филиал АКБ ""Агробанк"""
00341,Агробанк,"Узунский филиал АКБ ""Агробанк"""
00343,Агробанк,"Ангорский филиал АКБ ""Агробанк"""
00345,Агробанк,"Кизирикский филиал АКБ ""Агробанк"""
00347,Агробанк,"Кумкурганский филиал АКБ ""Агробанк"""
00349,Агробанк,"Термезский филиал АКБ ""Агробанк"""
00351,Агробанк,"Алтынсайский филиал АКБ ""Агробанк"""
00355,Агробанк,"Сариасийский филиал АКБ ""Агробанк"""
00360,Агробанк,"Денауский филиал АКБ ""Агробанк"""
00374,Агробанк,"Сардобский филиал АКБ ""Агробанк"""
00375,Агробанк,"Сырдарьинский филиал АКБ ""Агробанк"""
00378,Агробанк,"Янгиерский филиал АКБ ""Агробанк"""
00382,Агробанк,"Баяутский филиал АКБ ""Агробанк"""
00383,Агробанк,"Ширинский филиал АКБ ""Агробанк"""
00386,Агробанк,"Гулистанский филиал АКБ ""Агробанк"""
00388,Агробанк,"Сайхунабадский филиал АКБ ""Агробанк"""
00390,Агробанк,"Акалтынский филиал АКБ ""Агробанк"""
00392,Агробанк,"Хавастский филиал АКБ ""Агробанк"""
00394,Агробанк,"Ташкентский городской филиал АКБ ""Агробанк"""
00413,Агробанк,"Ахангаранский филиал АКБ ""Агробанк"""
00474,Агробанк,"Куйичирчикский филиал АКБ ""Агробанк"""
00475,Агробанк,"Ташкентский областной территориальный филиал АКБ ""Агробанк"""
00476,Агробанк,"Чиназский филиал АКБ ""Агробанк"""
00480,Агробанк,"Юкоричирчикский филиал АКБ ""Агробанк"""
00482,Агробанк,"Паркентский филиал АКБ ""Агробанк"""
00485,Агробанк,"Янгиюльский филиал АКБ ""Агробанк"""
00502,Агробанк,"Алтыарыкский филиал АКБ ""Агробанк"""
00504,Агробанк,"Багдадский филиал АКБ ""Агробанк"""
00507,Агробанк,"Ферганский филиал АКБ ""Агробанк"""
00510,Агробанк,"Дангаринский филиал АКБ ""Агробанк"""
00511,Агробанк,"Учкуприкский филиал АКБ ""Агробанк"""
00513,Агробанк,"Бешарыкский филиал АКБ ""Агробанк"""
00515,Агробанк,"Куштепинский филиал АКБ ""Агробанк"""
00517,Агробанк,"Кувасайский филиал АКБ ""Агробанк"""
00519,Агробанк,"Риштанский филиал АКБ ""Агробанк"""
00522,Агробанк,"Ташлакский филиал АКБ ""Агробанк"""
00525,Агробанк,"Бувайдинский филиал АКБ ""Агробанк"""
00528,Агробанк,"Маргиланский филиал АКБ ""Агробанк"""
00529,Агробанк,"Кувинский филиал АКБ ""Агробанк"""
00560,Агробанк,"Ханкинский филиал АКБ ""Агробанк"""
00563,Агробанк,"Янгиарыкский филиал АКБ ""Агробанк"""
00565,Агробанк,"Кушкупырский филиал АКБ ""Агробанк"""
00567,Агробанк,"Шаватский филиал АКБ ""Агробанк"""
00569,Агробанк,"Ургенчский филиал АКБ ""Агробанк"""
00583,Агробанк,"Территориальный филиал Республики Каракалпакстан АКБ ""Агробанк"""
00589,Агробанк,"Кегейлийский филиал АКБ ""Агробанк"""
00590,Агробанк,"Шуманайский филиал АКБ ""Агробанк"""
00592,Агробанк,"Кунградский филиал АКБ ""Агробанк"""
00594,Агробанк,"Муйнакский филиал АКБ ""Агробанк"""
00595,Агробанк,"Нукусский филиал АКБ ""Агробанк"""
00597,Агробанк,"Тахтакупырский филиал АКБ ""Агробанк"""
00598,Агробанк,"Турткульский филиал АКБ ""Агробанк"""
00602,Агробанк,"Ходжейлийский филиал АКБ ""Агробанк"""
01192,Трастбанк,Бектемирский филиал Трастбанка
00001,Центральный банк,Межбанковский Центр расчетов Центрального банка
00002,Центральный банк,Клиринговый центр розничных платежей Центрального банка
00003,Центральный банк,Клиринговый центр мгновенных платежей Центрального банка
00042,Агробанк,"Ходжаабадский филиал АКБ ""Агробанк"""
00066,Агробанк,"Балыкчинский филиал АКБ ""Агробанк"""
00077,Агробанк,"Андижанский областной территориальный филиал АКБ ""Агробанк"""
00081,Гарант банк,"Андижанский городской филиал АО ""Гарант банк"""
00119,Ипотека-банк,"Филиал ""Сардор"" АКИБ ""Ипотека-банк"""
00126,Агробанк,"Джизакский областной территориальный филиал АКБ ""Агробанк"""
00151,Агробанк,"Кашкадарьинский областной территориальный филиал АКБ ""Агробанк"""
00256,Агробанк,"Чартакский филиал АКБ ""Агробанк"""
00262,Ипотека-банк,"Куксарайский филиал АКИБ ""Ипотека-банк"""
00270,Агробанк,"Джамбайский филиал АКБ ""Агробанк"""
00279,Агробанк,"Самаркандский областной территориальный филиал АКБ ""Агробанк"""
00318,Агробанк,"Пайарикский филиал АКБ ""Агробанк"""
00321,Агробанк,"Тайлякский филиал АКБ ""Агробанк"""
00365,Агробанк,"Сырдарьинский областной территориальный филиал АКБ ""Агробанк"""
00408,Ипотека-банк,"Ташкентский областной филиал АКИБ ""Ипотека-банк"""
00420,Ипотека-банк,"Мирабадский филиал АКИБ ""Ипотека-банк"""
00461,Ипотека-банк,"Ангренский филиал АКИБ ""Ипотека-банк"""
00491,Трастбанк,"Головной офис ЧАБ ""Трастбанк"""
00495,Агробанк,"Ферганский областной территориальный филиал АКБ ""Агробанк"""
00545,Узнацбанк,Кокандский филиал Узнацбанка
00546,Агробанк,"Кокандский филиал АКБ ""Агробанк"""
00548,Агробанк,"Хорезмский областной территориальный филиал АКБ ""Агробанк"""
00574,Агробанк,"Янгибазарский филиал АКБ ""Агробанк"""
00605,Агробанк,"Чимбайский филиал АКБ ""Агробанк"""
00607,Агробанк,"Берунийский филиал АКБ ""Агробанк"""
00609,Агробанк,"Канлыкульский филиал АКБ ""Агробанк"""
00612,Агробанк,"Караузакский филиал АКБ ""Агробанк"""
00614,Агробанк,"Элликкалинский филиал АКБ ""Агробанк"""
00619,Агробанк,"Амударьинский филиал АКБ ""Агробанк"""
00835,Гарант банк,"Ташкентский городской филиал АО ""Гарант банк"""
00865,Узнацбанк,Ургутский филиал Узнацбанка
00901,Ипотека-банк,"Алмазарский филиал АКИБ ""Ипотека-банк"""
00929,Агробанк,"Самаркандский филиал АКБ ""Агробанк"""
01017,Ипотека-банк,"Яккасарайский филиал АКИБ ""Ипотека-банк"""
01039,Ипотека-банк,"Чиназский филиал АКИБ ""Ипотека-банк"""
01076,Ипотека-банк,"Кокандский филиал АКИБ ""Ипотека-банк"""
01087,Капиталбанк,"Кокандский филиал АКБ ""Капиталбанк"""
01184,Капиталбанк,"Ташкентский цифровой филиал АКБ ""Капиталбанк"""
01186,Универсал банк,"Мирабадский цифровой филиал АКБ ""Универсал банк"""
09005,Микрокредитбанк,"Платежный центр АКБ ""Микрокредитбанк"""